{
    "mtx": [
        [
            1436.1039175337617,
            0.0,
            963.7915839291068
        ],
        [
            0.0,
            1435.203443695974,
            525.130134417342
        ],
        [
            0.0,
            0.0,
            1.0
        ]
    ],
    "dist": [
        [
            0.0683961945502543,
            -0.29152528177551473,
            -0.0035562579591720844,
            0.000898730576094998,
            0.26961284879670383
        ]
    ]
}