{
    "rotation": [
        [
            0.9855572724376299,
            0.11286309959701085,
            0.126248895023499
        ],
        [
            -0.13894969390600795,
            0.9651137208878083,
            0.22192000432028663
        ],
        [
            -0.09679796128393388,
            -0.23625711947673567,
            0.9668571394926085
        ]
    ],
    "translation": [
        -0.1526015095686646,
        0.0024181149577970447,
        -0.4721897223108024
    ]
}