{
    "coef_x": [
        -9.651259484745648e-06,
        -0.00043798167960731746
    ],
    "intercept_x": 0.2067622721004963,
    "coef_y": [
        -0.0004394696615568837,
        7.472873896988341e-06
    ],
    "intercept_y": -0.18506101330117114,
    "z_fija": 0.24130077681581635
}