{
    "camera_matrix": [
        [
            636.6052452127342,
            0.0,
            319.1492885658062
        ],
        [
            0.0,
            637.7733413040636,
            229.72459739365004
        ],
        [
            0.0,
            0.0,
            1.0
        ]
    ],
    "dist_coeffs": [
        [
            0.03975972688112188,
            -0.19128931202461352,
            -0.005786561880197092,
            0.00016721305518303405,
            0.2630948313733737
        ]
    ]
}