{
    "coef_x": [
        -7.14671540350273e-05,
        -0.000397897100259422
    ],
    "intercept_x": 0.1977189940615601,
    "coef_y": [
        -0.00039706857701473535,
        6.979248057165074e-05
    ],
    "intercept_y": -0.2570262178800905,
    "z_fija": 0.23495259079391306
}