{
    "coef_x": [
        -9.311122834090102e-06,
        -0.0004563416713138221
    ],
    "intercept_x": 0.21413662648454207,
    "coef_y": [
        -0.0003995212444947248,
        6.370742718462683e-05
    ],
    "intercept_y": -0.21859315805293617,
    "z_fija": 0.24130077681581635
}