{
    "camera_matrix": [
        [
            1431.4173969995397,
            0.0,
            963.0978078493447
        ],
        [
            0.0,
            1430.850856597249,
            527.5759819314247
        ],
        [
            0.0,
            0.0,
            1.0
        ]
    ],
    "dist_coeffs": [
        [
            0.06143278874795019,
            -0.24169697559259298,
            -0.003539591309589554,
            0.00011408049372255614,
            0.10921222704108696
        ]
    ]
}