{
    "camera_matrix": [
        [
            638.840411876361,
            0.0,
            316.1999788850428
        ],
        [
            0.0,
            639.4858917591619,
            235.72900300864077
        ],
        [
            0.0,
            0.0,
            1.0
        ]
    ],
    "dist_coeffs": [
        [
            0.052738184445369124,
            -0.26104962527734826,
            -0.0006974730165444789,
            -0.002171005140480176,
            0.39943371827476987
        ]
    ]
}