{
    "coef_x": [
        -1.1385910449376894e-05,
        -0.00043633005243403164
    ],
    "intercept_x": 0.20708052106818975,
    "coef_y": [
        -0.00043821300964726857,
        6.478666337278747e-06
    ],
    "intercept_y": -0.18534086937328742,
    "z_fija": 0.24130077681581635
}