{
    "coef_x": [
        -5.818951947422773e-05,
        -0.00037554940466236344
    ],
    "intercept_x": 0.18865207994720062,
    "coef_y": [
        -0.0004022572004555222,
        7.369792023301156e-05
    ],
    "intercept_y": -0.26213300591687977,
    "z_fija": 0.23495259079391306
}