{
    "mtx": [
        [
            616.7176062995949,
            0.0,
            300.1056398632825
        ],
        [
            0.0,
            615.7403638520098,
            249.04268825266487
        ],
        [
            0.0,
            0.0,
            1.0
        ]
    ],
    "dist": [
        [
            0.05321534245116013,
            0.5741794234087864,
            0.0004390767360314191,
            -0.002082306831974504,
            -3.056543266712299
        ]
    ]
}