{
    "rotation": [
        [
            0.08959019683732716,
            0.933702317459807,
            -0.3466606106854869
        ],
        [
            -0.9881887215313329,
            0.12677862966564013,
            0.08608269104978349
        ],
        [
            0.12432476530811938,
            0.3348539404431255,
            0.9340322217679606
        ]
    ],
    "translation": [
        -1.678231463303379,
        -0.11806709512377989,
        -0.39229647639180326
    ]
}