{
    "camera_matrix": [
        [
            636.6052452124673,
            0.0,
            319.14928856205245
        ],
        [
            0.0,
            637.773341303452,
            229.72459740846136
        ],
        [
            0.0,
            0.0,
            1.0
        ]
    ],
    "dist_coeffs": [
        [
            0.03975972696227169,
            -0.19128931267450297,
            -0.00578656187297789,
            0.00016721305389878248,
            0.2630948326998037
        ]
    ]
}